{"cameraMode":{"drawMode":0,"name":"Shaded","section":"Shading Mode"},"sceneLighting":false,"audioPlay":false,"sceneViewState":{"showFog":false,"showMaterialUpdate":false,"showSkybox":false,"showFlares":false,"showImageEffects":false,"showParticleSystems":false},"in2DMode":false,"pivot":{"x":0.0,"y":2.4000003337860109,"z":-1.4901161193847657e-7},"rotation":{"x":-0.011835458688437939,"y":-0.09193260967731476,"z":-0.007181884720921516,"w":-0.9983859062194824},"size":11.244248390197754,"orthographic":false}