{"cameraMode":{"drawMode":0,"name":"Shaded","section":"Shading Mode"},"sceneLighting":false,"audioPlay":false,"sceneViewState":{"showFog":true,"showMaterialUpdate":true,"showSkybox":false,"showFlares":true,"showImageEffects":true,"showParticleSystems":true},"in2DMode":false,"pivot":{"x":7.91862678527832,"y":-2.7654380798339845,"z":5.370012283325195},"rotation":{"x":-0.12226331233978272,"y":0.043641384690999988,"z":-0.006662395317107439,"w":-0.9917640089988709},"size":39.88898849487305,"orthographic":false}