{"cameraMode":{"drawMode":0,"name":"Shaded","section":"Shading Mode"},"sceneLighting":false,"audioPlay":false,"sceneViewState":{"showFog":true,"showMaterialUpdate":true,"showSkybox":false,"showFlares":true,"showImageEffects":true,"showParticleSystems":true},"in2DMode":false,"pivot":{"x":0.7723543643951416,"y":1.055964708328247,"z":3.6512112617492677},"rotation":{"x":-0.11831889301538468,"y":-0.876361608505249,"z":0.4304439127445221,"w":-0.19217076897621156},"size":1.4001178741455079,"orthographic":false}