{"cameraMode":{"drawMode":0,"name":"Shaded","section":"Shading Mode"},"sceneLighting":false,"audioPlay":false,"sceneViewState":{"showFog":true,"showMaterialUpdate":true,"showSkybox":false,"showFlares":true,"showImageEffects":true,"showParticleSystems":true},"in2DMode":false,"pivot":{"x":2.850001335144043,"y":12.845126152038575,"z":11.920673370361329},"rotation":{"x":-0.10046174377202988,"y":-0.26419728994369509,"z":0.027837079018354417,"w":-0.9592193961143494},"size":2.6301395893096926,"orthographic":false}