{"cameraMode":{"drawMode":0,"name":"Shaded","section":"Shading Mode"},"sceneLighting":false,"audioPlay":false,"sceneViewState":{"showFog":false,"showMaterialUpdate":false,"showSkybox":false,"showFlares":false,"showImageEffects":false,"showParticleSystems":false},"in2DMode":false,"pivot":{"x":0.0,"y":4.799999713897705,"z":-0.00003626348916441202},"rotation":{"x":-0.036861080676317218,"y":-0.8462568521499634,"z":0.043204426765441897,"w":-0.5348287224769592},"size":22.401142120361329,"orthographic":false}