{"cameraMode":{"drawMode":0,"name":"Shaded","section":"Shading Mode"},"sceneLighting":false,"audioPlay":false,"sceneViewState":{"showFog":false,"showMaterialUpdate":false,"showSkybox":false,"showFlares":false,"showImageEffects":false,"showParticleSystems":false},"in2DMode":false,"pivot":{"x":21.63831901550293,"y":2.189999580383301,"z":31.196029663085939},"rotation":{"x":0.017143871635198594,"y":0.7316844463348389,"z":0.008763836696743966,"w":0.685190737247467},"size":25.14656639099121,"orthographic":false}