{"cameraMode":{"drawMode":0,"name":"Shaded","section":"Shading Mode"},"sceneLighting":false,"audioPlay":false,"sceneViewState":{"showFog":true,"showMaterialUpdate":true,"showSkybox":false,"showFlares":true,"showImageEffects":true,"showParticleSystems":true},"in2DMode":false,"pivot":{"x":-1.7949514389038087,"y":0.5671078562736511,"z":-1.7729308605194092},"rotation":{"x":0.05059695988893509,"y":0.9854277968406677,"z":-0.069097600877285,"w":0.1617414653301239},"size":8.573652267456055,"orthographic":false}