{"cameraMode":{"drawMode":0,"name":"Shaded","section":"Shading Mode"},"sceneLighting":false,"audioPlay":false,"sceneViewState":{"showFog":true,"showMaterialUpdate":true,"showSkybox":false,"showFlares":true,"showImageEffects":true,"showParticleSystems":true},"in2DMode":false,"pivot":{"x":-1.6652848720550538,"y":0.8712455034255981,"z":-0.6762533783912659},"rotation":{"x":0.03398001194000244,"y":0.9955592751502991,"z":-0.09910852462053299,"w":-0.049455106258392337},"size":8.573651313781739,"orthographic":false}