{"cameraMode":{"drawMode":0,"name":"Shaded","section":"Shading Mode"},"sceneLighting":false,"audioPlay":false,"sceneViewState":{"showFog":false,"showMaterialUpdate":false,"showSkybox":false,"showFlares":false,"showImageEffects":false,"showParticleSystems":false},"in2DMode":false,"pivot":{"x":-1.202107310295105,"y":0.7678917050361633,"z":8.339221954345704},"rotation":{"x":0.1483195573091507,"y":0.36750155687332156,"z":-0.03851884976029396,"w":0.9201294779777527},"size":2.5790538787841799,"orthographic":false}