{"cameraMode":{"drawMode":0,"name":"Shaded","section":"Shading Mode"},"sceneLighting":false,"audioPlay":false,"sceneViewState":{"showFog":true,"showMaterialUpdate":true,"showSkybox":false,"showFlares":true,"showImageEffects":true,"showParticleSystems":true},"in2DMode":false,"pivot":{"x":0.7723543643951416,"y":0.10196465998888016,"z":1.6082111597061158},"rotation":{"x":-0.10318753868341446,"y":-0.826598048210144,"z":0.11579874157905579,"w":-0.5448837876319885},"size":1.1001174449920655,"orthographic":false}