{"cameraMode":{"drawMode":0,"name":"Shaded","section":"Shading Mode"},"sceneLighting":false,"audioPlay":false,"sceneViewState":{"showFog":true,"showMaterialUpdate":true,"showSkybox":false,"showFlares":true,"showImageEffects":true,"showParticleSystems":true},"in2DMode":false,"pivot":{"x":1.704580545425415,"y":13.310358047485352,"z":9.966889381408692},"rotation":{"x":0.2625264525413513,"y":-0.4417119026184082,"z":0.13771505653858186,"w":0.8470317721366882},"size":0.8644168376922607,"orthographic":false}