{"cameraMode":{"drawMode":0,"name":"Shaded","section":"Shading Mode"},"sceneLighting":false,"audioPlay":false,"sceneViewState":{"showFog":true,"showMaterialUpdate":true,"showSkybox":false,"showFlares":true,"showImageEffects":true,"showParticleSystems":true},"in2DMode":false,"pivot":{"x":0.479168176651001,"y":-0.0028756558895111086,"z":3.597951889038086},"rotation":{"x":-0.16480375826358796,"y":0.3506590723991394,"z":-0.06287404149770737,"w":-0.9197916984558106},"size":0.5877723097801209,"orthographic":false}