{"cameraMode":{"drawMode":0,"name":"Shaded","section":"Shading Mode"},"sceneLighting":false,"audioPlay":false,"sceneViewState":{"showFog":true,"showMaterialUpdate":true,"showSkybox":false,"showFlares":true,"showImageEffects":true,"showParticleSystems":true},"in2DMode":false,"pivot":{"x":0.6499365568161011,"y":0.18488258123397828,"z":3.4415929317474367},"rotation":{"x":-0.15577024221420289,"y":-0.8669808506965637,"z":0.3475038707256317,"w":-0.327937513589859},"size":0.5001178979873657,"orthographic":false}