{"cameraMode":{"drawMode":0,"name":"Shaded","section":"Shading Mode"},"sceneLighting":false,"audioPlay":false,"sceneViewState":{"showFog":true,"showMaterialUpdate":true,"showSkybox":false,"showFlares":true,"showImageEffects":true,"showParticleSystems":true},"in2DMode":false,"pivot":{"x":8.214532852172852,"y":1.063597559928894,"z":4.650960922241211},"rotation":{"x":-0.06019219756126404,"y":-0.9830833673477173,"z":0.12127631157636643,"w":-0.14043959975242616},"size":6.096529006958008,"orthographic":false}