{"cameraMode":{"drawMode":0,"name":"Shaded","section":"Shading Mode"},"sceneLighting":false,"audioPlay":false,"sceneViewState":{"showFog":false,"showMaterialUpdate":false,"showSkybox":false,"showFlares":false,"showImageEffects":false,"showParticleSystems":false},"in2DMode":false,"pivot":{"x":21.266050338745118,"y":1.6548480987548829,"z":29.456247329711915},"rotation":{"x":0.03798553720116615,"y":0.4190060496330261,"z":-0.02871844917535782,"w":-0.9092128276824951},"size":0.6432923674583435,"orthographic":false}