{"cameraMode":{"drawMode":0,"name":"Shaded","section":"Shading Mode"},"sceneLighting":false,"audioPlay":false,"sceneViewState":{"showFog":true,"showMaterialUpdate":true,"showSkybox":false,"showFlares":true,"showImageEffects":true,"showParticleSystems":true},"in2DMode":false,"pivot":{"x":0.0474604107439518,"y":0.10248913615942002,"z":0.5025759935379028},"rotation":{"x":-0.0015810802578926087,"y":0.5072815418243408,"z":0.0014421341475099326,"w":0.8621312975883484},"size":1.4516165256500245,"orthographic":false}