{"cameraMode":{"drawMode":0,"name":"Shaded","section":"Shading Mode"},"sceneLighting":false,"audioPlay":false,"sceneViewState":{"showFog":true,"showMaterialUpdate":true,"showSkybox":false,"showFlares":true,"showImageEffects":true,"showParticleSystems":true},"in2DMode":false,"pivot":{"x":-0.01487874984741211,"y":3.246269464492798,"z":-0.30894041061401369},"rotation":{"x":0.020745204761624337,"y":-0.9677214026451111,"z":0.0992436632514,"w":0.2351924329996109},"size":34.06254577636719,"orthographic":false}