{"cameraMode":{"drawMode":0,"name":"Shaded","section":"Shading Mode"},"sceneLighting":false,"audioPlay":false,"sceneViewState":{"showFog":true,"showMaterialUpdate":true,"showSkybox":false,"showFlares":true,"showImageEffects":true,"showParticleSystems":true},"in2DMode":false,"pivot":{"x":0.5769720673561096,"y":0.14684677124023438,"z":-0.11146746575832367},"rotation":{"x":-0.007666908670216799,"y":0.9928014278411865,"z":-0.08746310323476792,"w":-0.08341136574745178},"size":1.6715370416641236,"orthographic":false}