{"cameraMode":{"drawMode":0,"name":"Shaded","section":"Shading Mode"},"sceneLighting":false,"audioPlay":false,"sceneViewState":{"showFog":true,"showMaterialUpdate":true,"showSkybox":false,"showFlares":true,"showImageEffects":true,"showParticleSystems":true},"in2DMode":false,"pivot":{"x":0.10700863599777222,"y":0.5579006671905518,"z":-1.1755472421646119},"rotation":{"x":0.09280993044376373,"y":-0.14226694405078889,"z":0.013450780883431435,"w":0.9854914546012878},"size":3.342682361602783,"orthographic":false}