{"cameraMode":{"drawMode":0,"name":"Shaded","section":"Shading Mode"},"sceneLighting":false,"audioPlay":false,"sceneViewState":{"showFog":true,"showMaterialUpdate":true,"showSkybox":false,"showFlares":true,"showImageEffects":true,"showParticleSystems":true},"in2DMode":false,"pivot":{"x":-0.0009878426790237427,"y":-0.026642069220542909,"z":3.4684195518493654},"rotation":{"x":0.22673286497592927,"y":0.49648407101631167,"z":-0.13557639718055726,"w":0.8270512819290161},"size":0.8644169569015503,"orthographic":false}