{"cameraMode":{"drawMode":0,"name":"Shaded","section":"Shading Mode"},"sceneLighting":false,"audioPlay":false,"sceneViewState":{"showFog":true,"showMaterialUpdate":true,"showSkybox":false,"showFlares":true,"showImageEffects":true,"showParticleSystems":true},"in2DMode":false,"pivot":{"x":12.704657554626465,"y":1.530932903289795,"z":6.824496269226074},"rotation":{"x":-0.03896186128258705,"y":-0.9375359416007996,"z":-0.10406985133886337,"w":0.3309517800807953},"size":0.43268802762031557,"orthographic":false}