{"cameraMode":{"drawMode":0,"name":"Shaded","section":"Shading Mode"},"sceneLighting":false,"audioPlay":false,"sceneViewState":{"showFog":true,"showMaterialUpdate":true,"showSkybox":false,"showFlares":true,"showImageEffects":true,"showParticleSystems":true},"in2DMode":false,"pivot":{"x":-5.163414478302002,"y":1.0475847721099854,"z":2.1560943126678469},"rotation":{"x":0.05967751145362854,"y":0.9397085905075073,"z":0.04052482172846794,"w":-0.34077784419059756},"size":4.783919811248779,"orthographic":false}