{"cameraMode":{"drawMode":0,"name":"Shaded","section":"Shading Mode"},"sceneLighting":false,"audioPlay":false,"sceneViewState":{"showFog":false,"showMaterialUpdate":false,"showSkybox":false,"showFlares":false,"showImageEffects":false,"showParticleSystems":false},"in2DMode":false,"pivot":{"x":14.03394603729248,"y":3.3068273067474367,"z":74.69374084472656},"rotation":{"x":0.04962211474776268,"y":0.3484482765197754,"z":-0.006423203740268946,"w":0.9390339851379395},"size":0.7053832411766052,"orthographic":false}