{"cameraMode":{"drawMode":0,"name":"Shaded","section":"Shading Mode"},"sceneLighting":false,"audioPlay":false,"sceneViewState":{"showFog":true,"showMaterialUpdate":true,"showSkybox":false,"showFlares":true,"showImageEffects":true,"showParticleSystems":true},"in2DMode":false,"pivot":{"x":-6.858831405639648,"y":0.015953611582517625,"z":6.079082489013672},"rotation":{"x":-0.015457229688763619,"y":0.7519497871398926,"z":-0.07604753226041794,"w":-0.6581130623817444},"size":8.573651313781739,"orthographic":false}