{"cameraMode":{"drawMode":0,"name":"Shaded","section":"Shading Mode"},"sceneLighting":false,"audioPlay":false,"sceneViewState":{"showFog":true,"showMaterialUpdate":true,"showSkybox":false,"showFlares":true,"showImageEffects":true,"showParticleSystems":true},"in2DMode":false,"pivot":{"x":0.7723543643951416,"y":1.055964708328247,"z":1.6082111597061158},"rotation":{"x":-0.1338706761598587,"y":-0.8150951266288757,"z":0.15909382700920106,"w":-0.5446151494979858},"size":1.1001174449920655,"orthographic":false}