{"cameraMode":{"drawMode":0,"name":"Shaded","section":"Shading Mode"},"sceneLighting":false,"audioPlay":false,"sceneViewState":{"showFog":true,"showMaterialUpdate":true,"showSkybox":false,"showFlares":true,"showImageEffects":true,"showParticleSystems":true},"in2DMode":false,"pivot":{"x":-23.917516708374025,"y":2.2936699390411379,"z":7.931026935577393},"rotation":{"x":-0.0023669267538934948,"y":0.9958904385566711,"z":-0.08809927105903626,"w":-0.032876089215278628},"size":0.6475637555122376,"orthographic":false}