{"cameraMode":{"drawMode":0,"name":"Shaded","section":"Shading Mode"},"sceneLighting":false,"audioPlay":false,"sceneViewState":{"showFog":true,"showMaterialUpdate":true,"showSkybox":false,"showFlares":true,"showImageEffects":true,"showParticleSystems":true},"in2DMode":false,"pivot":{"x":0.7723543643951416,"y":-0.8190353512763977,"z":3.6512112617492677},"rotation":{"x":-0.12241046875715256,"y":-0.891461193561554,"z":0.37228646874427798,"w":-0.23651041090488435},"size":1.1001179218292237,"orthographic":false}