{"cameraMode":{"drawMode":0,"name":"Shaded","section":"Shading Mode"},"sceneLighting":false,"audioPlay":false,"sceneViewState":{"showFog":true,"showMaterialUpdate":true,"showSkybox":false,"showFlares":true,"showImageEffects":true,"showParticleSystems":true},"in2DMode":false,"pivot":{"x":-2.4204940795898439,"y":0.39373233914375307,"z":0.11001420021057129},"rotation":{"x":-0.011696538887917996,"y":0.7854351997375488,"z":-0.014842475764453411,"w":-0.6186955571174622},"size":4.575282573699951,"orthographic":false}