{"cameraMode":{"drawMode":0,"name":"Shaded","section":"Shading Mode"},"sceneLighting":false,"audioPlay":false,"sceneViewState":{"showFog":true,"showMaterialUpdate":true,"showSkybox":false,"showFlares":true,"showImageEffects":true,"showParticleSystems":true},"in2DMode":false,"pivot":{"x":2.241461992263794,"y":-1.3372000455856324,"z":-2.7520999908447267},"rotation":{"x":0.22673286497592927,"y":0.49648407101631167,"z":-0.13557639718055726,"w":0.8270512819290161},"size":13.182707786560059,"orthographic":false}