{"cameraMode":{"drawMode":0,"name":"Shaded","section":"Shading Mode"},"sceneLighting":false,"audioPlay":false,"sceneViewState":{"showFog":true,"showMaterialUpdate":true,"showSkybox":false,"showFlares":true,"showImageEffects":true,"showParticleSystems":true},"in2DMode":false,"pivot":{"x":-0.0013643242418766022,"y":0.59745854139328,"z":0.0005099661648273468},"rotation":{"x":-0.10232431441545487,"y":-0.22149860858917237,"z":0.021547377109527589,"w":-0.9698197245597839},"size":1.9924335479736329,"orthographic":false}