{"cameraMode":{"drawMode":0,"name":"Shaded","section":"Shading Mode"},"sceneLighting":false,"audioPlay":false,"sceneViewState":{"showFog":false,"showMaterialUpdate":false,"showSkybox":false,"showFlares":false,"showImageEffects":false,"showParticleSystems":false},"in2DMode":false,"pivot":{"x":-4.368215560913086,"y":-2.5094690322875978,"z":0.911598265171051},"rotation":{"x":0.16972917318344117,"y":-0.6725742816925049,"z":0.17440666258335114,"w":0.7006317973136902},"size":11.20057201385498,"orthographic":false}