{"cameraMode":{"drawMode":0,"name":"Shaded","section":"Shading Mode"},"sceneLighting":false,"audioPlay":false,"sceneViewState":{"showFog":true,"showMaterialUpdate":true,"showSkybox":false,"showFlares":true,"showImageEffects":true,"showParticleSystems":true},"in2DMode":false,"pivot":{"x":0.09200294315814972,"y":0.14886388182640077,"z":0.0},"rotation":{"x":-0.06861037760972977,"y":-0.8306248784065247,"z":0.10144174844026566,"w":-0.5438910126686096},"size":0.8508713841438294,"orthographic":false}