{"cameraMode":{"drawMode":0,"name":"Shaded","section":"Shading Mode"},"sceneLighting":false,"audioPlay":false,"sceneViewState":{"showFog":true,"showMaterialUpdate":true,"showSkybox":false,"showFlares":true,"showImageEffects":true,"showParticleSystems":true},"in2DMode":false,"pivot":{"x":-0.5869929194450378,"y":-0.059664539992809299,"z":0.14912965893745423},"rotation":{"x":0.028259217739105226,"y":-0.7301502823829651,"z":0.030240580439567567,"w":0.6821255683898926},"size":0.8644169569015503,"orthographic":false}