{"cameraMode":{"drawMode":0,"name":"Shaded","section":"Shading Mode"},"sceneLighting":false,"audioPlay":false,"sceneViewState":{"showFog":true,"showMaterialUpdate":true,"showSkybox":false,"showFlares":true,"showImageEffects":true,"showParticleSystems":true},"in2DMode":false,"pivot":{"x":2.305690050125122,"y":0.4367225766181946,"z":-1.2111921310424805},"rotation":{"x":-0.1338706761598587,"y":-0.8150951266288757,"z":0.15909382700920106,"w":-0.5446151494979858},"size":2.300117254257202,"orthographic":false}