{"cameraMode":{"drawMode":0,"name":"Shaded","section":"Shading Mode"},"sceneLighting":false,"audioPlay":false,"sceneViewState":{"showFog":true,"showMaterialUpdate":true,"showSkybox":false,"showFlares":true,"showImageEffects":true,"showParticleSystems":true},"in2DMode":false,"pivot":{"x":-1.418397068977356,"y":0.16349828243255616,"z":-0.995205819606781},"rotation":{"x":0.05009564012289047,"y":0.989971399307251,"z":-0.10296805202960968,"w":0.10680858790874481},"size":8.573652267456055,"orthographic":false}