{"cameraMode":{"drawMode":0,"name":"Shaded","section":"Shading Mode"},"sceneLighting":false,"audioPlay":false,"sceneViewState":{"showFog":false,"showMaterialUpdate":false,"showSkybox":false,"showFlares":false,"showImageEffects":false,"showParticleSystems":false},"in2DMode":false,"pivot":{"x":19.651809692382814,"y":-1.9583128690719605,"z":26.491954803466798},"rotation":{"x":-0.011767420917749405,"y":0.8592162728309631,"z":-0.09906129539012909,"w":-0.5063574910163879},"size":21.349477767944337,"orthographic":false}