{"cameraMode":{"drawMode":0,"name":"Shaded","section":"Shading Mode"},"sceneLighting":false,"audioPlay":false,"sceneViewState":{"showFog":true,"showMaterialUpdate":true,"showSkybox":false,"showFlares":true,"showImageEffects":true,"showParticleSystems":true},"in2DMode":false,"pivot":{"x":-3.027984380722046,"y":-3.9563727378845217,"z":15.588445663452149},"rotation":{"x":0.0312125813215971,"y":0.9906823635101318,"z":-0.06320071965456009,"w":-0.1346900314092636},"size":22.0,"orthographic":false}