{"cameraMode":{"drawMode":0,"name":"Shaded","section":"Shading Mode"},"sceneLighting":false,"audioPlay":false,"sceneViewState":{"showFog":true,"showMaterialUpdate":true,"showSkybox":false,"showFlares":true,"showImageEffects":true,"showParticleSystems":true},"in2DMode":false,"pivot":{"x":1.853696584701538,"y":-1.3158247470855713,"z":-0.9741420149803162},"rotation":{"x":-0.1489192396402359,"y":-0.7867587804794312,"z":0.16336864233016969,"w":-0.5799680352210999},"size":2.300117254257202,"orthographic":false}