{"cameraMode":{"drawMode":0,"name":"Shaded","section":"Shading Mode"},"sceneLighting":false,"audioPlay":false,"sceneViewState":{"showFog":true,"showMaterialUpdate":true,"showSkybox":false,"showFlares":true,"showImageEffects":true,"showParticleSystems":true},"in2DMode":false,"pivot":{"x":0.978236198425293,"y":0.9835782051086426,"z":11.055758476257325},"rotation":{"x":0.023500369861721994,"y":0.9638530611991882,"z":-0.0747685506939888,"w":-0.26331958174705508},"size":4.56793212890625,"orthographic":false}