{"cameraMode":{"drawMode":0,"name":"Shaded","section":"Shading Mode"},"sceneLighting":false,"audioPlay":false,"sceneViewState":{"showFog":true,"showMaterialUpdate":true,"showSkybox":false,"showFlares":true,"showImageEffects":true,"showParticleSystems":true},"in2DMode":false,"pivot":{"x":2.2086994647979738,"y":-9.766374588012696,"z":62.321895599365237},"rotation":{"x":-0.15047094225883485,"y":0.23390859365463258,"z":-0.037820253521203998,"w":-0.9602270126342773},"size":39.888980865478519,"orthographic":false}