{"cameraMode":{"drawMode":0,"name":"Shaded","section":"Shading Mode"},"sceneLighting":false,"audioPlay":false,"sceneViewState":{"showFog":true,"showMaterialUpdate":true,"showSkybox":false,"showFlares":true,"showImageEffects":true,"showParticleSystems":true},"in2DMode":false,"pivot":{"x":-0.2879999876022339,"y":1.0390000343322755,"z":5.84499979019165},"rotation":{"x":-0.03664592653512955,"y":-0.9951648116111755,"z":0.09663563221693039,"w":0.058933157473802569},"size":8.573651313781739,"orthographic":false}