{"cameraMode":{"drawMode":0,"name":"Shaded","section":"Shading Mode"},"sceneLighting":false,"audioPlay":false,"sceneViewState":{"showFog":false,"showMaterialUpdate":false,"showSkybox":false,"showFlares":false,"showImageEffects":false,"showParticleSystems":false},"in2DMode":false,"pivot":{"x":37.44599533081055,"y":1.0700937509536744,"z":34.881126403808597},"rotation":{"x":0.03961619362235069,"y":0.6749395728111267,"z":-0.011286738328635693,"w":0.7402557730674744},"size":4.648740291595459,"orthographic":false}