{"cameraMode":{"drawMode":0,"name":"Shaded","section":"Shading Mode"},"sceneLighting":false,"audioPlay":false,"sceneViewState":{"showFog":false,"showMaterialUpdate":false,"showSkybox":false,"showFlares":false,"showImageEffects":false,"showParticleSystems":false},"in2DMode":false,"pivot":{"x":0.004199624061584473,"y":-0.016421794891357423,"z":0.0034919381141662599},"rotation":{"x":0.017143871635198594,"y":0.7316844463348389,"z":0.008763836696743966,"w":0.685190737247467},"size":6.36793327331543,"orthographic":false}