{"cameraMode":{"drawMode":0,"name":"Shaded","section":"Shading Mode"},"sceneLighting":false,"audioPlay":false,"sceneViewState":{"showFog":true,"showMaterialUpdate":true,"showSkybox":false,"showFlares":true,"showImageEffects":true,"showParticleSystems":true},"in2DMode":false,"pivot":{"x":11.681958198547364,"y":2.285766363143921,"z":1.7016241550445557},"rotation":{"x":-0.03334585204720497,"y":-0.9750397205352783,"z":0.044109318405389789,"w":-0.22365665435791017},"size":3.4226064682006838,"orthographic":false}